1	fuck you there
2	is it a good idea?
3	computer
4	Explainable Recommendation: A Survey and New Perspectives
5	computer
6	Explainable Recommendation: A Survey and New Perspectives
7	is it a good idea?
8	is it a good idea?
9	is it a good idea?
10	computer
11	healthy life
12	Diet, exercise and mental health
13	fuck you there
14	is it a good idea?
15	fuck you there
16	healthy life
17	healthy life
18	healthy life
19	healthy life
20	is it a good idea?
21	fuck you there
22	chinese history
23	fuck you there
